firstname|lastname|username|email|phone|address
Kathleen|Holmes|kholmes0|kholmes0@telegraph.co.uk|63-(333)205-5413|267 Nancy Hill
Raymond|Phillips|rphillips1|rphillips1@wikipedia.org|62-(114)600-8183|9 Cordelia Street
Irene|Ford|iford2|iford2@about.me|86-(120)684-5093|40207 Division Pass
Mark|Richards|mrichards3|mrichards3@boston.com|86-(521)266-4378|26468 Fairview Plaza
Wayne|Chapman|wchapman4|wchapman4@latimes.com|7-(824)965-9850|08062 Esker Drive
Lillian|Robertson|lrobertson5|lrobertson5@sfgate.com|86-(666)439-5626|6042 Debra Road
Ronald|Morris|rmorris6|rmorris6@friendfeed.com|48-(407)461-3266|9720 Killdeer Way
Scott|Sims|ssims7|ssims7@addtoany.com|51-(455)633-1927|02 Scofield Plaza
Matthew|Nichols|mnichols8|mnichols8@businessinsider.com|55-(413)171-1935|74938 Surrey Place
Rebecca|Marshall|rmarshall9|rmarshall9@va.gov|63-(174)788-9098|535 7th Court
Melissa|Burns|mburnsa|mburnsa@goo.ne.jp|86-(940)978-5415|37135 Riverside Parkway
Patrick|Montgomery|pmontgomeryb|pmontgomeryb@issuu.com|261-(116)181-6700|9992 Cascade Pass
Carol|Howell|chowellc|chowellc@ftc.gov|55-(948)723-3196|842 Kropf Circle
Stephanie|Barnes|sbarnesd|sbarnesd@dedecms.com|420-(703)928-9385|479 Schmedeman Road
Adam|Ellis|aellise|aellise@netscape.com|236-(619)519-8102|55601 Pierstorff Parkway
Brandon|Davis|bdavisf|bdavisf@jiathis.com|20-(220)863-2896|8825 Melby Hill
Stephen|Foster|sfosterg|sfosterg@washingtonpost.com|62-(733)857-3972|711 Namekagon Circle
Joe|Thompson|jthompsonh|jthompsonh@51.la|54-(625)555-5209|69968 Cody Junction
Edward|Hudson|ehudsoni|ehudsoni@bizjournals.com|62-(630)509-3693|9867 Golf Center
Douglas|Larson|dlarsonj|dlarsonj@surveymonkey.com|374-(119)782-7584|4405 Susan Plaza
Harry|Allen|hallenk|hallenk@ibm.com|223-(985)134-0367|7382 Bluejay Parkway
Andrea|Ray|arayl|arayl@apache.org|27-(807)222-9818|50 Jackson Circle
Karen|Mcdonald|kmcdonaldm|kmcdonaldm@jigsy.com|63-(494)711-2782|7 Carberry Street
Patricia|Gardner|pgardnern|pgardnern@accuweather.com|86-(774)464-9755|64616 Waubesa Avenue
Evelyn|Kelly|ekellyo|ekellyo@webnode.com|62-(127)114-9913|1 Northport Street
Louise|Bryant|lbryantp|lbryantp@newsvine.com|86-(500)635-8806|92 Northwestern Circle
Steven|Wallace|swallaceq|swallaceq@answers.com|675-(711)433-9363|48395 Ridge Oak Street
Timothy|Sanders|tsandersr|tsandersr@diigo.com|55-(512)280-4905|0335 Bashford Alley
Shirley|Banks|sbankss|sbankss@bing.com|212-(273)595-0716|12689 Dennis Lane
Jesse|Hunt|jhuntt|jhuntt@ucla.edu|46-(534)860-6418|6468 Gerald Street
Adam|Kelly|akellyu|akellyu@booking.com|48-(195)261-3606|2 Declaration Park
Harry|Weaver|hweaverv|hweaverv@imgur.com|86-(843)317-9303|73929 Village Green Avenue
Michelle|Cunningham|mcunninghamw|mcunninghamw@harvard.edu|967-(825)826-1612|487 Dakota Crossing
Beverly|Stevens|bstevensx|bstevensx@businesswire.com|1-(718)391-7992|59 Hooker Park
Jeffrey|Jones|jjonesy|jjonesy@domainmarket.com|1-(300)326-1896|8314 Coleman Street
Terry|Chavez|tchavezz|tchavezz@dedecms.com|93-(597)770-0591|97 Arrowood Drive
Phyllis|Weaver|pweaver10|pweaver10@w3.org|45-(876)211-4175|5140 Spenser Pass
James|Rivera|jrivera11|jrivera11@dion.ne.jp|967-(606)349-2663|80309 Manitowish Pass
Anthony|Greene|agreene12|agreene12@cnbc.com|355-(314)639-9108|23 Old Gate Way
Roy|Garrett|rgarrett13|rgarrett13@ft.com|506-(599)581-0257|5 Esker Hill
Mark|Baker|mbaker14|mbaker14@e-recht24.de|86-(365)785-2985|4973 3rd Hill
Catherine|Dunn|cdunn15|cdunn15@phpbb.com|971-(696)264-1455|2 Sage Court
Jerry|Gordon|jgordon16|jgordon16@cargocollective.com|501-(371)884-5473|73 Coleman Place
Terry|Jacobs|tjacobs17|tjacobs17@fc2.com|30-(900)350-7950|4395 Anthes Lane
Heather|Burke|hburke18|hburke18@dagondesign.com|62-(877)522-1722|27 Gateway Alley
Harry|Bowman|hbowman19|hbowman19@cpanel.net|507-(701)923-3897|40272 Thompson Drive
Christopher|Nichols|cnichols1a|cnichols1a@ocn.ne.jp|86-(996)851-8960|22 Scofield Circle
Robert|Cruz|rcruz1b|rcruz1b@theglobeandmail.com|55-(783)528-3123|874 Elgar Alley
Jason|Bryant|jbryant1c|jbryant1c@marketwatch.com|33-(606)583-8061|137 Melvin Trail
Charles|Stephens|cstephens1d|cstephens1d@newsvine.com|66-(860)954-4433|1 Pond Trail
Richard|Gonzales|rgonzales1e|rgonzales1e@bloglines.com|967-(255)654-8494|0 Fulton Circle
Todd|Ortiz|tortiz1f|tortiz1f@lulu.com|62-(677)857-0491|26 Hollow Ridge Plaza
Sandra|Payne|spayne1g|spayne1g@google.com.hk|81-(876)486-3889|200 Darwin Place
Linda|Edwards|ledwards1h|ledwards1h@tripod.com|84-(442)309-3848|2 Oak Valley Plaza
Doris|Ford|dford1i|dford1i@google.de|266-(590)153-2156|07452 Arkansas Hill
Brenda|Schmidt|bschmidt1j|bschmidt1j@time.com|86-(256)521-3596|83672 Veith Drive
John|Cole|jcole1k|jcole1k@fastcompany.com|55-(787)817-4158|3 Ludington Road
Laura|Wright|lwright1l|lwright1l@google.ru|48-(852)104-4833|55 Delaware Parkway
Craig|Cunningham|ccunningham1m|ccunningham1m@com.com|262-(132)870-7622|150 Welch Parkway
Randy|Stanley|rstanley1n|rstanley1n@indiatimes.com|356-(775)473-4449|603 Macpherson Parkway
Rachel|Cunningham|rcunningham1o|rcunningham1o@amazon.com|212-(179)276-9134|307 Corben Drive
Barbara|Murray|bmurray1p|bmurray1p@mtv.com|46-(518)706-6487|560 Scofield Circle
Marilyn|Morales|mmorales1q|mmorales1q@cpanel.net|86-(166)844-2640|44 Acker Junction
Jerry|Alexander|jalexander1r|jalexander1r@businessweek.com|385-(917)164-7081|33347 Mallory Parkway
Annie|Simmons|asimmons1s|asimmons1s@smugmug.com|62-(898)936-6639|81 Farwell Place
Katherine|Henry|khenry1t|khenry1t@wisc.edu|55-(632)382-5939|7778 Susan Pass
Joan|Diaz|jdiaz1u|jdiaz1u@soup.io|351-(575)383-3166|73469 Northview Point
David|Graham|dgraham1v|dgraham1v@slashdot.org|30-(795)713-3199|9 Linden Street
Carl|West|cwest1w|cwest1w@washington.edu|33-(631)778-5621|83 Westport Way
Rachel|Murray|rmurray1x|rmurray1x@networkadvertising.org|46-(365)266-8950|74536 Lukken Terrace
Peter|Thompson|pthompson1y|pthompson1y@sogou.com|46-(967)448-4404|27899 Meadow Vale Lane
Amy|Miller|amiller1z|amiller1z@vimeo.com|62-(588)518-6796|9733 Mitchell Trail
Catherine|Jenkins|cjenkins20|cjenkins20@comsenz.com|62-(267)734-7971|7594 Butternut Center
Janet|Watkins|jwatkins21|jwatkins21@bravesites.com|30-(425)839-4788|70 Havey Way
Victor|Boyd|vboyd22|vboyd22@yandex.ru|976-(608)903-6514|45 Jana Circle
Scott|Rogers|srogers23|srogers23@canalblog.com|62-(759)552-1638|638 Sheridan Way
Todd|Kim|tkim24|tkim24@hatena.ne.jp|383-(791)996-5662|74784 Stone Corner Plaza
Barbara|Patterson|bpatterson25|bpatterson25@marriott.com|86-(819)613-7737|10 Hanson Trail
Terry|Harris|tharris26|tharris26@cdc.gov|62-(187)638-3939|1237 Meadow Vale Street
Ryan|Banks|rbanks27|rbanks27@nasa.gov|86-(445)241-0049|13 Mccormick Park
Bonnie|Garrett|bgarrett28|bgarrett28@alexa.com|86-(462)580-1987|66 Northwestern Place
Dorothy|Hudson|dhudson29|dhudson29@flickr.com|380-(865)420-4794|117 Loftsgordon Pass
Jerry|Ellis|jellis2a|jellis2a@dailymotion.com|62-(681)332-1241|7410 Basil Place
James|Brown|jbrown2b|jbrown2b@jalbum.net|351-(497)361-2902|7 Village Avenue
Walter|Owens|wowens2c|wowens2c@slashdot.org|1-(901)894-2909|19550 Bay Plaza
Dennis|Fernandez|dfernandez2d|dfernandez2d@statcounter.com|81-(708)735-7924|73 Manitowish Place
Stephen|Martin|smartin2e|smartin2e@google.nl|86-(817)469-2331|441 Pearson Alley
Russell|Morales|rmorales2f|rmorales2f@ucoz.com|62-(955)303-5415|523 4th Crossing
Jennifer|Ray|jray2g|jray2g@ehow.com|86-(315)657-1006|472 Annamark Drive
Jean|Stevens|jstevens2h|jstevens2h@businessinsider.com|389-(882)182-0353|3 Schiller Junction
Rose|Griffin|rgriffin2i|rgriffin2i@blogtalkradio.com|66-(423)593-8086|9899 Starling Circle
Patricia|Holmes|pholmes2j|pholmes2j@bloglines.com|678-(265)475-1846|165 Heath Parkway
Jessica|Wells|jwells2k|jwells2k@123-reg.co.uk|86-(562)400-6118|88333 Fulton Place
Roger|Franklin|rfranklin2l|rfranklin2l@telegraph.co.uk|380-(833)855-1274|5 Ilene Street
Diana|Gray|dgray2m|dgray2m@npr.org|93-(228)825-7903|8 Brentwood Pass
Walter|Cook|wcook2n|wcook2n@qq.com|86-(863)499-8625|46 Hooker Avenue
Martha|Warren|mwarren2o|mwarren2o@w3.org|52-(249)730-9401|8 International Drive
Kenneth|Baker|kbaker2p|kbaker2p@merriam-webster.com|255-(302)775-2095|5 High Crossing Parkway
Lori|Ward|lward2q|lward2q@livejournal.com|1-(292)416-0472|497 Kedzie Point
Martha|Cox|mcox2r|mcox2r@sina.com.cn|1-(214)448-2030|79079 Transport Trail
